Country Name,Series Name,2010 [YR2010],2011 [YR2011],2012 [YR2012],2013 [YR2013],2014 [YR2014],2015 [YR2015],2016 [YR2016],2017 [YR2017],2018 [YR2018],2019 [YR2019],Crise
Brazil,Access to clean fuels and technologies for cooking (% of population),93.66,94.07,94.48,94.77,95.1,95.38,95.59,0,0,0,0
Brazil,Access to electricity (% of population),98.9767379760742,99.328691,99.519494,99.575151,99.650247,99.710902,99.7,100,100,0,0
Brazil,Account ownership at a financial institution or with a mobile-money-service provider (% of population ages 15+),0,55.8603820800781,0,0,68.1231536865234,0,0,70.0439453125,0,0,0
Brazil,Adequacy of social insurance programs (% of total welfare of beneficiary households),0,48.0808206957004,46.5212209339476,0,0,48.3650297879814,0,0,0,0,0
Brazil,Adequacy of unemployment benefits and ALMP (% of total welfare of beneficiary households),0,0,0,0,0,0,0,0,0,0,0
Brazil,Adequacy of social protection and labor programs (% of total welfare of beneficiary households),0,40.6013716491013,39.4731116204217,0,0,44.7608888817092,0,0,0,0,0
Brazil,Adequacy of social safety net programs (% of total welfare of beneficiary households),0,8.30441828272541,9.09803054162119,0,0,17.2683792834211,0,0,0,0,0
Brazil,Adjusted net enrollment rate, primary (% of primary school age children),0,95.69718,98.54993,97.32389,97.4362,96.85231,97.20202,97.55117,0,0,0
Brazil,Adjusted net national income (annual % growth),5.12075642895388,5.24277681695378,2.491308725335,4.30414541454644,-0.323785983130463,-2.84388754218918,-3.22871541474153,0.889362201712245,-0.312031574936526,0,0
Brazil,Adjusted savings: carbon dioxide damage (% of GNI),0.470395474388601,0.43484541092311,0.517801880724514,0.573250711707171,0.640242036281515,0.888114360875255,0.912108581226898,0.853627902802972,1.0218356970272,0,0
Brazil,Adjusted net savings, excluding particulate emission damage (% of GNI),8.68799647854099,9.25178849649795,8.53576191986556,9.15800043141246,7.18933984088878,6.56615650383313,5.63739829702204,5.4933905426521,3.35456836020398,0,0
Brazil,Adjusted savings: energy depletion (% of GNI),1.12466453279843,1.45021060311062,1.47634903733435,1.32122594082103,1.36228221692218,0.88001284369257,0.681883132265448,1.03284238517346,1.71593029001742,0,0
Brazil,Adjusted savings: gross savings (% of GNI),18.36987134,19.09184446,18.13046137,18.40749162,16.44077164,14.80798883,13.71265562,13.84044899,12.74229352,0,0
Brazil,Adjusted savings: education expenditure (% of GNI),5.39,5.49,5.54,5.55178216776325,5.66344188473853,6.1095731970235,6.1095731970235,6.1095731970235,6.1095731970235,0,0
Brazil,Adolescents out of school (% of lower secondary school age),0,3.36431,0,0,0,0,3.70771,4.94119,0,0,0
Brazil,Adolescent fertility rate (births per 1,000 women ages 15-19),66.8926,65.4728,64.053,63.0646,62.0762,61.0878,60.0994,59.111,57.8858,0,0
Brazil,Age dependency ratio (% of working-age population),46.2933003980814,45.6573642240306,45.0795496472828,44.5602184175111,44.1116978134857,43.7481057517691,43.5775128857445,43.4500607489418,43.3833797933835,0,0
Brazil,Agricultural irrigated land (% of total agricultural land),0,0,0,0,0,0,0,0,0,0,0
Brazil,Agricultural machinery, tractors,0,0,0,0,0,0,0,0,0,0,0
Brazil,Agricultural methane emissions (% of total),0,0,0,0,0,0,0,0,0,0,0
Brazil,Agricultural raw materials imports (% of merchandise imports),1.30703238487906,1.46648526185912,1.09292913519411,1.00419204472015,0.988473815174251,1.04223093742104,1.24447968332531,1.29268032790998,1.14883660758487,0,0
Brazil,Agricultural raw materials exports (% of merchandise exports),3.8518482072372,3.53217088013033,3.79500897442467,3.53153592299477,4.01171772110927,4.69763054054708,4.81200516398584,4.48362883001744,5.0768936910134,0,0
Brazil,Agriculture, forestry, and fishing, value added (% of GDP),4.11575648758173,4.34203511988559,4.1683282240444,4.50690493825609,4.32561053879483,4.31913275104669,4.89135358685971,4.60210115900505,4.41853769167898,0,0
Brazil,Air transport, freight (million ton-km),1302.474647875,1294.49545,1363.447091,1637.382,1596.774,1493.939,1513.832873341,1736.549227,1845.647756087,0,0
Brazil,Alternative and nuclear energy (% of total energy use),12.7004383572272,13.4916124032512,12.6507405645914,11.4981042378909,10.8090873277871,0,0,0,0,0,0
Brazil,Annual freshwater withdrawals, agriculture (% of total freshwater withdrawal),60,0,0,0,0,0,0,0,0,0,0
Brazil,Annual freshwater withdrawals, domestic (% of total freshwater withdrawal),23,0,0,0,0,0,0,0,0,0,0
Brazil,Annual freshwater withdrawals, industry (% of total freshwater withdrawal),17,0,0,0,0,0,0,0,0,0,0
Brazil,Aquaculture production (metric tons),411777,436084,480880,477752,564230,575230,581230,0,0,0,0
Brazil,Arable land (% of land area),8.41849980976629,8.64701955219702,8.68698059616135,9.18410076883134,9.69198888747975,9.75252867264726,9.68827992830941,0,0,0,0
Brazil,Armed forces personnel (% of total labor force),0.749202224274171,0.750615106081668,0.731041083529364,0.721387977646922,0.72999030528845,0.718005245798491,0.711645171356792,0.700167863806647,0,0,0
Brazil,Arms exports (SIPRI trend indicator values),143000000,31000000,33000000,31000000,42000000,41000000,111000000,37000000,100000000,10000000,0
Brazil,Arms imports (SIPRI trend indicator values),311000000,306000000,328000000,223000000,209000000,219000000,109000000,100000000,272000000,169000000,0
Brazil,Automated teller machines (ATMs) (per 100,000 adults),118.1821,116.4358,115.4995,118.5862,118.0837,115.1052,112.2246,107.9589,104.786,0,0
Brazil,Average working hours of children, study and work, ages 7-14 (hours per week),0,18.8,0,16.99434,16.1047744715737,14.77,0,0,0,0,0
Brazil,Bank capital to assets ratio (%),10.3327210125054,10.0817619838262,10.1413105048851,9.26520547533495,9.03441159348199,8.46061816574189,9.27224830483387,10.0471860648899,10.0644359458305,0,0
Brazil,Battle-related deaths (number of people),0,0,0,0,0,0,0,0,0,0,0
Brazil,Birth rate, crude (per 1,000 people),15.327,15.11,14.93,14.772,14.624,14.472,14.307,14.125,13.924,0,0
Brazil,Broad money (% of GDP),74.2193801418355,76.8252926915737,79.052862020896,78.6265278092152,81.906564014111,88.0696276444147,93.8211379438764,93.0900911343415,95.276894640612,0,0
Brazil,Capture fisheries production (metric tons),785369,765393,820112,765286,767026,700000,705000,0,0,0,0
Brazil,Cereal production (metric tons),75160152,77586276,89908244,100901726,101402184,106028113,84128732,117784130,0,0,0
Brazil,Chemicals (% of value added in manufacturing),10.4720460208325,10.4423992553363,10.4728982982471,10.9016163930736,11.253975811157,14.0426062449092,14.0426062449838,0,0,0,0
China,Access to clean fuels and technologies for cooking (% of population),54.91,55.66,56.4,57.24,57.8,58.54,59.26,0,0,0,0
China,Access to electricity (% of population),99.7,99.874382019043,99.9748764038086,100,100,100,100,100,100,0,0
China,Account ownership at a financial institution or with a mobile-money-service provider (% of population ages 15+),0,63.817310333252,0,0,78.8526000976563,0,0,80.229118347168,0,0,0
China,Adequacy of social insurance programs (% of total welfare of beneficiary households),0,0,0,55.3453449884928,0,0,0,0,0,0,0
China,Adequacy of unemployment benefits and ALMP (% of total welfare of beneficiary households),0,0,0,0,0,0,0,0,0,0,0
China,Adequacy of social protection and labor programs (% of total welfare of beneficiary households),0,0,0,36.8299630478399,0,0,0,0,0,0,0
China,Adequacy of social safety net programs (% of total welfare of beneficiary households),0,0,0,2.3376689422997,0,0,0,0,0,0,0
China,Adjusted net enrollment rate, primary (% of primary school age children),0,0,0,0,0,0,0,0,0,0,0
China,Adjusted net national income (annual % growth),9.40715428043093,5.3089249901318,9.49102773966261,7.87852075246107,9.17491543562589,7.99111378637021,7.7846212460686,6.55043680276866,10.8725216848813,0,0
China,Adjusted savings: carbon dioxide damage (% of GNI),3.4734387754944,3.28194186052259,3.1196259208616,2.9990587042117,2.86806923766743,2.95590739686572,3.16000374579005,3.14748288818737,3.07977721580852,0,0
China,Adjusted net savings, excluding particulate emission damage (% of GNI),24.7132674496487,20.8791670374713,21.1065946989033,21.1273000224099,22.1561301683517,21.0520543362909,19.9240226290922,20.1629446802604,22.6790597928388,0,0
China,Adjusted savings: energy depletion (% of GNI),2.31916576561891,3.06346186146119,1.93336356649786,1.43225990337909,1.14519990259244,0.555250253845908,0.463447931083282,0.589865089738798,0.728887062257254,0,0
China,Adjusted savings: gross savings (% of GNI),52.17703322,50.46712967,49.58468744,48.84240111,48.88257284,46.87455399,45.65773985,46.5975969,46.42750959,0,0
China,Adjusted savings: education expenditure (% of GNI),1.79,1.79,1.79,1.79,1.79,1.79,1.79,1.79,1.79,0,0
China,Adolescents out of school (% of lower secondary school age),0,0,0,0,0,0,0,0,0,0,0
China,Adolescent fertility rate (births per 1,000 women ages 15-19),7.3422,7.3596,7.377,7.4286,7.4802,7.5318,7.5834,7.635,7.643,0,0
China,Age dependency ratio (% of working-age population),36.489722882657,36.5541919887164,36.6549076506147,36.834603872708,37.1756398956484,37.7138573515833,38.4988746045366,39.4359455718714,40.4452687500938,0,0
China,Agricultural irrigated land (% of total agricultural land),0,10.4910475694438,0,0,0,0,0,0,0,0,0
China,Agricultural machinery, tractors,0,0,0,0,0,0,0,0,0,0,0
China,Agricultural methane emissions (% of total),0,0,0,0,0,0,0,0,0,0,0
China,Agricultural raw materials imports (% of merchandise imports),3.71818561122593,4.19417019027106,3.86118323749264,3.63345647304963,3.48052220116274,3.78122604512585,3.49240489459435,3.66504502799839,3.33283789673912,0,0
China,Agricultural raw materials exports (% of merchandise exports),0.456645175840948,0.533552859434626,0.461590928228083,0.440282633473538,0.446029601601408,0.397042847028257,0.420346778315221,0.412975616707589,0.420111736821126,0,0
China,Agriculture, forestry, and fishing, value added (% of GDP),9.32516385425288,9.1776410306017,9.11368784581678,8.94289898597417,8.67425273741323,8.42204051966136,8.12625124854607,7.56614982096347,7.19019403882776,0,0
China,Air transport, freight (million ton-km),17193.8774,16764.869,15568.753,16053.7331,17822.581,19805.63,21304.5851,23323.6147,25256.2071,0,0
China,Alternative and nuclear energy (% of total energy use),3.50934153555749,3.52243463333402,4.09182975952194,4.53414655121912,5.10701715020901,0,0,0,0,0,0
China,Annual freshwater withdrawals, agriculture (% of total freshwater withdrawal),0,0,64.31,0,0,64.4,0,0,0,0,0
China,Annual freshwater withdrawals, domestic (% of total freshwater withdrawal),0,0,12.08,0,0,13.28,0,0,0,0,0
China,Annual freshwater withdrawals, industry (% of total freshwater withdrawal),0,0,23.6,0,0,22.32,0,0,0,0,0
China,Aquaculture production (metric tons),47800000,50200000,53900000,57100000,58800000,61000000,63700000,0,0,0,0
China,Arable land (% of land area),11.4207059411877,11.3461443467199,11.2822344086047,11.2609310958997,11.2588007646292,12.6754710595163,12.6648210894303,0,0,0,0
China,Armed forces personnel (% of total labor force),0.379827936474475,0.378585827568713,0.38357897756261,0.382631281275209,0.381914056015703,0.362351586086051,0.343333940136261,0.343382317251975,0,0,0
China,Arms exports (SIPRI trend indicator values),1478000000,1277000000,1540000000,2080000000,1226000000,1799000000,2372000000,1346000000,1140000000,1423000000,0
China,Arms imports (SIPRI trend indicator values),1020000000,1088000000,1604000000,1323000000,1063000000,1267000000,1142000000,1371000000,1633000000,887000000,0
China,Automated teller machines (ATMs) (per 100,000 adults),24.66758,30.17458,37.36008,46.52417,54.75061,76.78764,81.45148,84.16226,96.81528,0,0
China,Average working hours of children, study and work, ages 7-14 (hours per week),0,0,0,0,0,0,0,0,0,0,0
China,Bank capital to assets ratio (%),0,0,0,0,7.19925303612357,8.43749160534709,8.14334311867584,8.55609299926453,9.07018860286852,0,0
China,Battle-related deaths (number of people),0,0,0,0,0,5,0,0,0,0,0
China,Birth rate, crude (per 1,000 people),11.9,11.93,12.1,12.08,12.37,12.07,12.95,12.43,10.9,0,0
China,Broad money (% of GDP),176.12661808266,174.527712834688,180.873568611905,186.609388682566,191.550286918524,202.958096491548,209.451259779061,204.174822334232,199.14573848326,0,0
China,Capture fisheries production (metric tons),15700000,16000000,16400000,16600000,17400000,17900000,17800000,0,0,0,0
China,Cereal production (metric tons),496343192,519373896,539346800,552691792,557417300,621439200,616250500,617930299,0,0,0
China,Chemicals (% of value added in manufacturing),10.7936022082782,10.8113828296373,10.8113828296427,10.8113828297258,10.8113828299006,10.8113828300648,10.8113828300699,0,0,0,0
Italy,Access to clean fuels and technologies for cooking (% of population),100,100,100,100,100,100,100,0,0,0,0
Italy,Access to electricity (% of population),100,100,100,100,100,100,100,100,100,0,0
Italy,Account ownership at a financial institution or with a mobile-money-service provider (% of population ages 15+),0,71.0085296630859,0,0,87.3345794677734,0,0,93.7850189208984,0,0,0
Italy,Adequacy of social insurance programs (% of total welfare of beneficiary households),0,0,0,0,0,0,0,0,0,0,0
Italy,Adequacy of unemployment benefits and ALMP (% of total welfare of beneficiary households),0,0,0,0,0,0,0,0,0,0,0
Italy,Adequacy of social protection and labor programs (% of total welfare of beneficiary households),0,0,0,0,0,0,0,0,0,0,0
Italy,Adequacy of social safety net programs (% of total welfare of beneficiary households),0,0,0,0,0,0,0,0,0,0,0
Italy,Adjusted net enrollment rate, primary (% of primary school age children),99.29683,99.05555,99.46236,99.63949,98.89812,98.26567,97.69825,97.24291,0,0,0
Italy,Adjusted net national income (annual % growth),0.22367926788985,-0.306724213451687,-3.89579023138549,-1.53375952715068,1.06634831847339,0.67143775485205,3.87733268063037,1.87250465739737,1.23785192759543,0,0
Italy,Adjusted savings: carbon dioxide damage (% of GNI),0.456642446876362,0.439128039225618,0.469337483221765,0.448330891117968,0.432190346601384,0.518842467045673,0.512426653607659,0.505268531012588,0.484842080839808,0,0
Italy,Adjusted net savings, excluding particulate emission damage (% of GNI),3.31406759069958,3.3368784517365,2.60384638868354,3.05770309335804,3.99200267442476,3.72210129616499,5.55163237128508,6.19173089136793,6.35988109100396,0,0
Italy,Adjusted savings: energy depletion (% of GNI),0.0836614154669098,0.123470063088573,0.136581963520978,0.120948988350532,0.101257828976149,0.0559662582720136,0.0282046049526098,0.0431239839968858,0.0721462985154172,0,0
Italy,Adjusted savings: gross savings (% of GNI),17.30801746,17.68745873,17.5724217,18.03091292,18.84483884,18.64020819,20.09411344,20.48236809,20.5371864,0,0
Italy,Adjusted savings: education expenditure (% of GNI),4.12,3.93,3.92126355918026,3.94536689030502,3.87774409444784,3.90555842755928,3.6825328578894,3.6825328578894,3.6825328578894,0,0
Italy,Adolescents out of school (% of lower secondary school age),0.3982,0.37408,0.20386,0.10082,0.20825,0.41663,1.0207,1.65751,0,0,0
Italy,Adolescent fertility rate (births per 1,000 women ages 15-19),6.336,6.115,5.894,5.7632,5.6324,5.5016,5.3708,5.24,5.11,0,0
Italy,Age dependency ratio (% of working-age population),52.6848814854331,53.2069468358705,53.7983835645624,54.4179995850497,54.9799071402516,55.4340137863763,55.8591980388129,56.1884000768445,56.4475053382725,0,0
Italy,Agricultural irrigated land (% of total agricultural land),16.8274266312069,0,0,19.0829053558327,0,0,0,0,0,0,0
Italy,Agricultural machinery, tractors,0,0,0,0,0,0,0,0,0,0,0
Italy,Agricultural methane emissions (% of total),0,0,0,0,0,0,0,0,0,0,0
Italy,Agricultural raw materials imports (% of merchandise imports),2.24308257334106,2.34018492510323,2.17505860986795,2.36748574826224,2.37308599482651,2.32666101306919,2.2299673385652,1.97389701158398,2.00772119152602,0,0
Italy,Agricultural raw materials exports (% of merchandise exports),0.711140000188292,0.730779027911273,0.72090375972075,0.705141014995068,0.674920617881899,0.686545887127299,0.698613842671731,0.72135580685174,0.719265988669915,0,0
Italy,Agriculture, forestry, and fishing, value added (% of GDP),1.77551453832278,1.88342627816685,1.9707531347602,2.14458980749233,1.99786088974992,2.06523676190304,1.92866188591217,1.9641750918374,1.94041490603886,0,0
Italy,Air transport, freight (million ton-km),784.96985,760.26837,795.11615,892.930674,989.179882,945.2649666,1083.244836,1437.245062,1418.004731,0,0
Italy,Alternative and nuclear energy (% of total energy use),3.74133313217941,4.30942246236426,4.89993476693008,6.13189674201849,7.06293000225121,6.32722059410873,0,0,0,0,0
Italy,Annual freshwater withdrawals, agriculture (% of total freshwater withdrawal),0,0,0,0,0,0,0,0,0,0,0
Italy,Annual freshwater withdrawals, domestic (% of total freshwater withdrawal),0,0,17.58,0,0,0,0,0,0,0,0
Italy,Annual freshwater withdrawals, industry (% of total freshwater withdrawal),0,0,0,0,0,0,0,0,0,0,0
Italy,Aquaculture production (metric tons),153493.7,164150.7,137041,140879,148730.3,148762.6,157108.5,0,0,0,0
Italy,Arable land (% of land area),23.9409804854831,22.84626368396,24.1993608485755,23.2100360372612,22.8734616169171,22.4416944312232,22.4450941728429,0,0,0,0
Italy,Armed forces personnel (% of total labor force),1.46921519564039,1.50164688847979,1.43597647938431,1.42818567939349,1.39573053909266,1.39711638466919,1.3824679662395,1.33533867594513,0,0,0
Italy,Arms exports (SIPRI trend indicator values),539000000,947000000,747000000,862000000,671000000,676000000,618000000,793000000,555000000,491000000,0
Italy,Arms imports (SIPRI trend indicator values),103000000,286000000,207000000,81000000,139000000,251000000,759000000,734000000,317000000,186000000,0
Italy,Automated teller machines (ATMs) (per 100,000 adults),99.93485,101.5281,99.24602,92.37887,92.40761,96.26434,94.09629,92.42337,91.14272,0,0
Italy,Average working hours of children, study and work, ages 7-14 (hours per week),0,0,0,0,0,0,0,0,0,0,0
Italy,Bank capital to assets ratio (%),4.97901089089455,5.44795550454532,5.38561894112228,5.40437637297026,5.88069247298708,6.18553029060669,5.49301015373371,6.63508479542177,6.33332010943286,0,0
Italy,Battle-related deaths (number of people),0,0,0,0,0,0,0,0,0,0,0
Italy,Birth rate, crude (per 1,000 people),9.5,9.2,9,8.5,8.3,8,7.8,7.6,7.3,0,0
Italy,Broad money (% of GDP),0,0,0,0,0,0,0,0,0,0,0
Italy,Capture fisheries production (metric tons),234959.5,217829.7,202430.4,177915.7,183846,198768.9,198130,0,0,0,0
Italy,Cereal production (metric tons),18502904,19521138,18594126,18214664,19368014,17637215,18229902,16241037,0,0,0
Italy,Chemicals (% of value added in manufacturing),8.66450738211212,8.500457914351,8.4646746395446,8.87462103189427,8.46835869476534,8.75146464114732,8.75146049288272,0,0,0,0
Japan,Access to clean fuels and technologies for cooking (% of population),100,100,100,100,100,100,100,0,0,0,0
Japan,Access to electricity (% of population),100,100,100,100,100,100,100,100,100,0,0
Japan,Account ownership at a financial institution or with a mobile-money-service provider (% of population ages 15+),0,96.4220428466797,0,0,96.6455841064453,0,0,98.2433929443359,0,0,0
Japan,Adequacy of social insurance programs (% of total welfare of beneficiary households),0,0,0,0,0,0,0,0,0,0,0
Japan,Adequacy of unemployment benefits and ALMP (% of total welfare of beneficiary households),0,0,0,0,0,0,0,0,0,0,0
Japan,Adequacy of social protection and labor programs (% of total welfare of beneficiary households),0,0,0,0,0,0,0,0,0,0,0
Japan,Adequacy of social safety net programs (% of total welfare of beneficiary households),0,0,0,0,0,0,0,0,0,0,0
Japan,Adjusted net enrollment rate, primary (% of primary school age children),0,0,0,0,0,0,0,0,0,0,0
Japan,Adjusted net national income (annual % growth),4.98276796295976,-0.888734428426901,1.73958250491417,2.73930895650061,0.53165733391829,3.78962660538366,1.14511560630406,1.80474120301216,0.190053061097672,0,0
Japan,Adjusted savings: carbon dioxide damage (% of GNI),0.480664433757467,0.474496549909133,0.511427401584856,0.64919424989354,0.703698366087912,0.81420645285249,0.760499633468022,0.819067825435023,0.847716100833739,0,0
Japan,Adjusted net savings, excluding particulate emission damage (% of GNI),3.88822875393354,3.05034218326312,2.97769518587303,3.42492466318848,3.81283565907016,6.34072249618561,6.80155264742042,7.54841563183949,7.46963399180988,0,0
Japan,Adjusted savings: energy depletion (% of GNI),0.00537086751856204,0.00672694435864252,0.00687453930780225,0.00665089183876485,0.00817427818749931,0.00846990306633664,0.00523668840101203,0.00644957564317698,0.00931787780771706,0,0
Japan,Adjusted savings: gross savings (% of GNI),24.49105892,23.50268609,22.94066514,23.25430063,23.80220563,26.07274339,26.46421362,27.11394235,27.00227765,0,0
Japan,Adjusted savings: education expenditure (% of GNI),3.07563267561026,3.10137439453864,3.19772945358204,3.12423629361237,2.984165630345,2.85867971048521,2.73319379062542,2.73319379062542,2.73319379062542,0,0
Japan,Adolescents out of school (% of lower secondary school age),0,0,0,0,0,0,0,0,0,0,0
Japan,Adolescent fertility rate (births per 1,000 women ages 15-19),4.733,4.606,4.479,4.3392,4.1994,4.0596,3.9198,3.78,3.6644,0,0
Japan,Age dependency ratio (% of working-age population),55.891578776353,57.3917711337264,59.0341434265202,60.7497660649142,62.4198969298013,63.9578508093031,65.3061318795137,66.4554629240626,67.4290802202976,0,0
Japan,Agricultural irrigated land (% of total agricultural land),35.3799259743087,34.5099758824819,34.7109254781271,35.1917144116351,34.8162903939796,0,0,0,0,0,0
Japan,Agricultural machinery, tractors,0,0,0,0,0,0,0,0,0,0,0
Japan,Agricultural methane emissions (% of total),0,0,0,0,0,0,0,0,0,0,0
Japan,Agricultural raw materials imports (% of merchandise imports),1.56665618319873,1.65614057512525,1.37905667645761,1.43067966156594,1.31057165469047,1.43984063771484,1.45807367626271,1.38580609488082,1.3107333293568,0,0
Japan,Agricultural raw materials exports (% of merchandise exports),0.708225468813113,0.775321394931767,0.795605179834637,0.870117884819725,0.85781843234567,0.846477517589604,0.747926741478228,0.743489025863082,0.694661088609726,0,0
Japan,Agriculture, forestry, and fishing, value added (% of GDP),1.10225982049905,1.0754189233601,1.14179569465804,1.10418708697322,1.05626649230554,1.11390541063969,1.21107550490087,1.18925693500848,0,0,0
Japan,Air transport, freight (million ton-km),7698.79769790059,6545.945,7045.781,7715.927,8661.758,8661.758,9360.888,10684.574,9420.659,0,0
Japan,Alternative and nuclear energy (% of total energy use),16.6637182405653,7.52200090353815,2.6498114043533,2.43115393600386,2.22189362602368,3.09202073923516,0,0,0,0,0
Japan,Annual freshwater withdrawals, agriculture (% of total freshwater withdrawal),0,0,0,0,0,0,0,0,0,0,0
Japan,Annual freshwater withdrawals, domestic (% of total freshwater withdrawal),0,0,0,0,0,0,0,0,0,0,0
Japan,Annual freshwater withdrawals, industry (% of total freshwater withdrawal),0,0,0,0,0,0,0,0,0,0,0
Japan,Aquaculture production (metric tons),1151101,907971.6,1073821,1027951,1021849,1105652,1067994,0,0,0,0
Japan,Arable land (% of land area),11.7459882046359,11.6690211353568,11.6469168312486,11.624972569673,11.5810840465218,11.5344524906737,11.4768488040377,0,0,0,0
Japan,Armed forces personnel (% of total labor force),0.390593638967883,0.393812811679266,0.395798816467083,0.39381513780824,0.392591730576536,0.39148007949547,0.390257442613615,0.387882675982667,0,0,0
Japan,Arms exports (SIPRI trend indicator values),0,0,0,0,0,0,0,2000000,3000000,0,0
Japan,Arms imports (SIPRI trend indicator values),403000000,304000000,223000000,277000000,293000000,329000000,330000000,453000000,572000000,891000000,0
Japan,Automated teller machines (ATMs) (per 100,000 adults),130.9276,128.5757,127.896,128.2963,127.4941,127.6515,127.7969,127.767,127.5942,0,0
Japan,Average working hours of children, study and work, ages 7-14 (hours per week),0,0,0,0,0,0,0,0,0,0,0
Japan,Bank capital to assets ratio (%),0,0,0,0,0,0,0,0,0,0,0
Japan,Battle-related deaths (number of people),0,0,0,0,0,0,0,0,0,0,0
Japan,Birth rate, crude (per 1,000 people),8.5,8.3,8.2,8.2,8,8,7.8,7.6,7.4,0,0
Japan,Broad money (% of GDP),217.685921904476,228.079082881147,231.434152286299,235.504265310162,237.372440043902,236.505396561544,243.606927339947,247.834475188027,252.081567459873,0,0
Japan,Capture fisheries production (metric tons),4188376,3878440,3762422,3735685,3734275,3550108,3275263,0,0,0,0
Japan,Cereal production (metric tons),11366614,11450492,11729481,11786625,11602953,11202373,11045578,10906394,0,0,0
Japan,Chemicals (% of value added in manufacturing),11.6536782718301,11.6536787873823,11.4263232216683,11.6342160063573,10.9537023936,10.9537022737092,10.9537022741109,0,0,0,0
Portugal,Access to clean fuels and technologies for cooking (% of population),100,100,100,100,100,100,100,0,0,0,0
Portugal,Access to electricity (% of population),100,100,100,100,100,100,100,100,100,0,0
Portugal,Account ownership at a financial institution or with a mobile-money-service provider (% of population ages 15+),0,81.2294235229492,0,0,87.3863525390625,0,0,92.3409881591797,0,0,0
Portugal,Adequacy of social insurance programs (% of total welfare of beneficiary households),0,0,0,0,0,0,0,0,0,0,0
Portugal,Adequacy of unemployment benefits and ALMP (% of total welfare of beneficiary households),0,0,0,0,0,0,0,0,0,0,0
Portugal,Adequacy of social protection and labor programs (% of total welfare of beneficiary households),0,0,0,0,0,0,0,0,0,0,0
Portugal,Adequacy of social safety net programs (% of total welfare of beneficiary households),0,0,0,0,0,0,0,0,0,0,0
Portugal,Adjusted net enrollment rate, primary (% of primary school age children),99.48771,99.02747,99.11596,98.97895,98.56395,97.59877,96.88158,97.71146,0,0,0
Portugal,Adjusted net national income (annual % growth),1.19190997794828,-1.33119618461353,-4.97634535072375,1.69966306112318,0.123208894262945,2.49338829447154,3.06252001883614,3.20845041242454,2.28685214742532,0,0
Portugal,Adjusted savings: carbon dioxide damage (% of GNI),0.501385297773156,0.498808828764523,0.57713316205374,0.56447667035265,0.583469187916371,0.690831706426971,0.681525060833512,0.665996515423776,0.635468781019803,0,0
Portugal,Adjusted net savings, excluding particulate emission damage (% of GNI),-1.70504145514834,0.202185731272594,-0.367056465329727,2.73007868177581,1.87775525840394,2.3746934019564,3.14792306775673,4.84945684022513,4.74789761305727,0,0
Portugal,Adjusted savings: energy depletion (% of GNI),0,0,0,0,0,0,0,0,0,0,0
Portugal,Adjusted savings: gross savings (% of GNI),10.9641059,13.55154566,14.12531285,15.830772,15.28044763,16.07674034,16.73360575,18.47054785,18.4703132,0,0
Portugal,Adjusted savings: education expenditure (% of GNI),5.45,5.14,4.53658966129462,5.15829275405964,5.08279807163227,4.77909795958378,4.77909795958378,4.77909795958378,4.77909795958378,0,0
Portugal,Adolescents out of school (% of lower secondary school age),0,0,0,0.91782,0.95335,0.8579,0.46648,0.34167,0,0,0
Portugal,Adolescent fertility rate (births per 1,000 women ages 15-19),13.3428,12.3784,11.414,10.8072,10.2004,9.5936,8.9868,8.38,8.0012,0,0
Portugal,Age dependency ratio (% of working-age population),50.6702790330745,51.1536144371319,51.6772813488703,52.2546210165144,52.8663781510407,53.4888748806758,53.937228860573,54.3800233871429,54.8269616158289,0,0
Portugal,Agricultural irrigated land (% of total agricultural land),12.7525542041813,0,0,12.9637128187051,0,0,13.1169218277294,0,0,0,0
Portugal,Agricultural machinery, tractors,0,0,0,0,0,0,0,0,0,0,0
Portugal,Agricultural methane emissions (% of total),0,0,0,0,0,0,0,0,0,0,0
Portugal,Agricultural raw materials imports (% of merchandise imports),1.64438112432998,1.8294290393168,1.7253677334437,1.81328888923172,1.72999376802522,1.69269403644722,1.75820444630658,1.72835595196636,1.68161829822663,0,0
Portugal,Agricultural raw materials exports (% of merchandise exports),3.10664092070999,2.78910924119079,2.54229254292239,2.53720641465837,2.36181592226603,2.45408056033873,2.35770047316951,2.31173517071845,2.35567781878942,0,0
Portugal,Agriculture, forestry, and fishing, value added (% of GDP),1.93708196098854,1.83401602752623,1.92410769887828,2.09548269898385,2.07611116482919,2.09944392552801,2.06581098417221,2.09586857603127,2.05217923237472,0,0
Portugal,Air transport, freight (million ton-km),364.692462967644,355.849353,320.824462,319.454636,348.67247,343.964162,327.012274,421.8294532,454.209368,0,0
Portugal,Alternative and nuclear energy (% of total energy use),9.09838388251005,7.86978465420176,7.18865470964126,10.0140348015673,10.7045933404571,8.04425464477711,0,0,0,0,0
Portugal,Annual freshwater withdrawals, agriculture (% of total freshwater withdrawal),0,0,0,0,0,0,0,0,0,0,0
Portugal,Annual freshwater withdrawals, domestic (% of total freshwater withdrawal),0,0,0,0,0,0,0,0,0,0,0
Portugal,Annual freshwater withdrawals, industry (% of total freshwater withdrawal),0,0,0,0,0,0,0,0,0,0,0
Portugal,Aquaculture production (metric tons),8224.575,9165.39,10317.8,10067.21,11338.94,9562.876,9787.22,0,0,0,0
Portugal,Arable land (% of land area),12.5294240232456,12.3023257946419,12.2701162385529,12.4284436693982,12.2999035330321,12.3059080660947,10.6835174794543,0,0,0,0
Portugal,Armed forces personnel (% of total labor force),1.64555603869372,1.66274427195646,1.6759530799953,1.5075330397058,1.49024443252503,1.4109369081158,1.43165298269045,0.990730949863298,0,0,0
Portugal,Arms exports (SIPRI trend indicator values),0,0,0,0,18000000,7000000,172000000,56000000,3000000,3000000,0
Portugal,Arms imports (SIPRI trend indicator values),894000000,170000000,40000000,13000000,3000000,1000000,21000000,12000000,26000000,44000000,0
Portugal,Automated teller machines (ATMs) (per 100,000 adults),194.6011,191.1727,184.9127,180.4153,176.868,173.4048,168.7511,167.9318,165.6886,0,0
Portugal,Average working hours of children, study and work, ages 7-14 (hours per week),0,0,0,0,0,0,0,0,0,0,0
Portugal,Bank capital to assets ratio (%),5.15150073911555,5.08121814177681,6.65188028612549,6.77118367230331,6.44131168247218,7.20607388323919,6.53486536459923,7.65691247141146,7.04369554179576,0,0
Portugal,Battle-related deaths (number of people),0,0,0,0,0,0,0,0,0,0,0
Portugal,Birth rate, crude (per 1,000 people),9.6,9.2,8.5,7.9,7.9,8.3,8.4,8.4,8.5,0,0
Portugal,Broad money (% of GDP),0,0,0,0,0,0,0,0,0,0,0
Portugal,Capture fisheries production (metric tons),223573,216159,198741,196832,183664,190100,186950,0,0,0,0
Portugal,Cereal production (metric tons),1019204,1157421,1178144,1362407,1333258,1240203,1138085,1118507,0,0,0
Portugal,Chemicals (% of value added in manufacturing),5.89381280127144,6.07274982800279,5.84515061060014,5.92720025158896,5.92475271602231,6.51271655484475,6.51278431396098,0,0,0,0
United States,Access to clean fuels and technologies for cooking (% of population),100,100,100,100,100,100,100,0,0,0,0
United States,Access to electricity (% of population),100,100,100,100,100,100,100,100,100,0,0
United States,Account ownership at a financial institution or with a mobile-money-service provider (% of population ages 15+),0,87.9578628540039,0,0,93.5838012695313,0,0,93.122184753418,0,0,0
United States,Adequacy of social insurance programs (% of total welfare of beneficiary households),0,0,0,0,0,0,0,0,0,0,0
United States,Adequacy of unemployment benefits and ALMP (% of total welfare of beneficiary households),0,0,0,0,0,0,0,0,0,0,0
United States,Adequacy of social protection and labor programs (% of total welfare of beneficiary households),0,0,0,0,0,0,0,0,0,0,0
United States,Adequacy of social safety net programs (% of total welfare of beneficiary households),0,0,0,0,0,0,0,0,0,0,0
United States,Adjusted net enrollment rate, primary (% of primary school age children),97.63436,96.38975,97.26517,97.50924,97.97434,94.60023,99.64003,95.55776,0,0,0
United States,Adjusted net national income (annual % growth),4.35160805226688,2.25024755740075,3.84826423551709,1.33652356100136,3.51816923391385,3.51602445734545,0.891033358169139,2.13691093733411,2.3530746223273,0,0
United States,Adjusted savings: carbon dioxide damage (% of GNI),0.855661231311486,0.842781403803011,0.813175312270618,0.833615558771144,0.847499713294506,0.854157869441219,0.864765084522178,0.868524175346175,0.874940963405243,0,0
United States,Adjusted net savings, excluding particulate emission damage (% of GNI),3.21115988726854,4.35631746149348,6.20797976080623,6.42545481557579,7.45468249473071,7.61360818406117,6.07827509248409,5.9980331118061,5.69985443175009,0,0
United States,Adjusted savings: energy depletion (% of GNI),0.275904025700612,0.376282596505879,0.239511717744233,0.284723077366671,0.248755036135967,0.0215842700155661,0.0830629776208348,0.145833963587666,0.324812527763987,0,0
United States,Adjusted savings: gross savings (% of GNI),15.38002646,16.24724209,18.30137887,18.82310899,19.79959672,19.73311295,18.38385324,18.38441793,18.31846444,0,0
United States,Adjusted savings: education expenditure (% of GNI),4.84096628264901,5.05,4.50200166934699,4.40432416574534,4.39509543983309,4.39509543983309,4.39509543983309,4.39509543983309,4.39509543983309,0,0
United States,Adolescents out of school (% of lower secondary school age),0,0,0,0,2.23353,0.84613,0.30428,0.22621,0,0,0
United States,Adolescent fertility rate (births per 1,000 women ages 15-19),32.5946,30.2658,27.937,26.3216,24.7062,23.0908,21.4754,19.86,18.5562,0,0
United States,Age dependency ratio (% of working-age population),49.670515189153,49.8697528061813,50.1154428267481,50.4259151723395,50.7930402585681,51.2095505815438,51.6461675477204,52.1558056764975,52.7106770901698,0,0
United States,Agricultural irrigated land (% of total agricultural land),0,0,5.52719371969861,0,0,0,0,0,0,0,0
United States,Agricultural machinery, tractors,0,0,0,0,0,0,0,0,0,0,0
United States,Agricultural methane emissions (% of total),0,0,0,0,0,0,0,0,0,0,0
United States,Agricultural raw materials imports (% of merchandise imports),0.956694398221599,0.978162255621298,0.882318025887148,0.909530584605467,0.929395058111636,0.910230572161604,0.952312660822268,0.914258146344935,0.882032522391758,0,0
United States,Agricultural raw materials exports (% of merchandise exports),2.63124652534508,2.79712181285441,2.45470224451183,2.41924667279924,2.29872686787914,2.26823068839742,2.29952774066965,2.30775530717897,2.25185229226818,0,0
United States,Agriculture, forestry, and fishing, value added (% of GDP),1.04248133891985,1.21648753662505,1.15882894880324,1.33351367930879,1.18865561487182,1.04256091720468,0.940404125890274,0.91647931957252,0,0,0
United States,Air transport, freight (million ton-km),39353.2561,39621.9135350454,39111.3403776909,37113.5589216014,38225.1960889445,37866.224512,38657.919041,41591.551767,42985.295216,0,0
United States,Alternative and nuclear energy (% of total energy use),11.3372473990171,11.5679100503225,11.4475715077974,11.6849567099973,11.680856159034,11.8743317712829,0,0,0,0,0
United States,Annual freshwater withdrawals, agriculture (% of total freshwater withdrawal),36.06,0,0,0,0,0,0,0,0,0,0
United States,Annual freshwater withdrawals, domestic (% of total freshwater withdrawal),12.79,0,0,0,0,0,0,0,0,0,0
United States,Annual freshwater withdrawals, industry (% of total freshwater withdrawal),51.15,0,0,0,0,0,0,0,0,0,0
United States,Aquaculture production (metric tons),496699,397292,420386,429011,421189,426002,444369,0,0,0,0
United States,Arable land (% of land area),17.045921486605,16.5805546126667,16.9564204988948,16.643130317073,16.8643726865061,16.6454038406458,16.6454038406458,0,0,0,0
United States,Armed forces personnel (% of total labor force),1.00024379961519,0.968368705419469,0.940642898974423,0.902739183365436,0.865813418747136,0.838935608712512,0.829541761291016,0.827306299394455,0,0,0
United States,Arms exports (SIPRI trend indicator values),8033000000,8988000000,9074000000,7508000000,9608000000,9963000000,9855000000,12050000000,10414000000,10752000000,0
United States,Arms imports (SIPRI trend indicator values),1083000000,1004000000,1203000000,789000000,548000000,516000000,458000000,524000000,380000000,1048000000,0
United States,Automated teller machines (ATMs) (per 100,000 adults),0,0,0,0,0,0,0,0,0,0,0
United States,Average working hours of children, study and work, ages 7-14 (hours per week),0,0,0,0,0,0,0,0,0,0,0
United States,Bank capital to assets ratio (%),12.7393075429443,12.2288772120957,11.9634094945734,11.7760477755944,11.6566180965357,11.7110529820643,11.5854894119526,11.6500095760816,11.6862191515384,0,0
United States,Battle-related deaths (number of people),0,0,0,0,0,0,0,0,0,0,0
United States,Birth rate, crude (per 1,000 people),13,12.7,12.6,12.4,12.5,12.4,12.2,11.8,11.6,0,0
United States,Broad money (% of GDP),85.1709162409225,87.6447575211559,88.2260439163248,88.9682523532432,89.6399627869426,88.9175234783354,89.9320712745285,90.4863986292194,89.3189631474102,0,0
United States,Capture fisheries production (metric tons),4396632,5123157,5100858,5153379,4984481,5045443,4931017,0,0,0,0
United States,Cereal production (metric tons),401126330,385545256,356210124,434308450,442849090,431866508,475958847,440117262,0,0,0
United States,Chemicals (% of value added in manufacturing),16.1928930474265,16.3356786185457,15.8550521788363,15.7540954828929,15.9308334557202,16.3159866398598,16.3159866530092,0,0,0,0
United Kingdom,Access to clean fuels and technologies for cooking (% of population),100,100,100,100,100,100,100,0,0,0,0
United Kingdom,Access to electricity (% of population),100,100,100,100,100,100,100,100,100,0,0
United Kingdom,Account ownership at a financial institution or with a mobile-money-service provider (% of population ages 15+),0,97.201286315918,0,0,98.9310531616211,0,0,96.3663177490234,0,0,0
United Kingdom,Adequacy of social insurance programs (% of total welfare of beneficiary households),0,0,0,0,0,0,0,0,0,0,0
United Kingdom,Adequacy of unemployment benefits and ALMP (% of total welfare of beneficiary households),0,0,0,0,0,0,0,0,0,0,0
United Kingdom,Adequacy of social protection and labor programs (% of total welfare of beneficiary households),0,0,0,0,0,0,0,0,0,0,0
United Kingdom,Adequacy of social safety net programs (% of total welfare of beneficiary households),0,0,0,0,0,0,0,0,0,0,0
United Kingdom,Adjusted net enrollment rate, primary (% of primary school age children),98.19652,98.13593,98.36969,99.72458,99.89948,99.93433,99.65208,99.56963,0,0,0
United Kingdom,Adjusted net national income (annual % growth),3.48681455615211,1.35058926325269,0.00229949067357893,1.81476431333138,3.63075907291939,2.73107065170615,2.05567237319929,2.71009005093543,0.663750589138317,0,0
United Kingdom,Adjusted savings: carbon dioxide damage (% of GNI),0.477658464775433,0.423102247279876,0.463530978381143,0.465985133051608,0.407423988376067,0.439732624854896,0.490463042397733,0.505635478197521,0.488554026915333,0,0
United Kingdom,Adjusted net savings, excluding particulate emission damage (% of GNI),2.60430509062492,3.22813421801573,1.88321218135374,1.35436279234386,2.84489655616965,3.02568544206231,2.57096562260135,4.14914124322056,3.18786521537309,0,0
United Kingdom,Adjusted savings: energy depletion (% of GNI),0.885287276656628,1.00047643960924,0.805222279314547,0.650991675559323,0.510325404700958,0.308545486961215,0.260486801249984,0.383934331563575,0.599900926099814,0,0
United Kingdom,Adjusted savings: gross savings (% of GNI),12.90295331,13.84251098,12.53846213,11.77817773,12.65126861,12.80312942,12.48707629,14.21485228,13.62941909,0,0
United Kingdom,Adjusted savings: education expenditure (% of GNI),5.5,5.15,5.25999999999995,5.37,5.62629132342268,5.59055297777339,5.49253436148154,5.49253436148154,5.49253436148154,0,0
United Kingdom,Adolescents out of school (% of lower secondary school age),0.03639,1.62989,6.0261,3.33517,3.4645,1.82057,0,0.12779,0,0,0
United Kingdom,Adolescent fertility rate (births per 1,000 women ages 15-19),21.2306,19.8548,18.479,17.4572,16.4354,15.4136,14.3918,13.37,12.641,0,0
United Kingdom,Age dependency ratio (% of working-age population),51.6650449382949,52.3437488711275,53.042456908844,53.7606423008909,54.4638463687415,55.1110276647482,55.6373585302383,56.0698960446915,56.4307461886856,0,0
United Kingdom,Agricultural irrigated land (% of total agricultural land),0.38550860152043,0,0,0.284634385095983,0,0,0,0,0,0,0
United Kingdom,Agricultural machinery, tractors,0,0,0,0,0,0,0,0,0,0,0
United Kingdom,Agricultural methane emissions (% of total),0,0,0,0,0,0,0,0,0,0,0
United Kingdom,Agricultural raw materials imports (% of merchandise imports),1.14177129225605,1.09268078125204,0.967496605280139,1.1662545370149,1.26989749830844,1.28985069821429,1.27649440724457,1.22366154476932,1.30368562413462,0,0
United Kingdom,Agricultural raw materials exports (% of merchandise exports),0.673092009561194,0.698103900236961,0.704895337948401,0.700666403575824,0.688451987544582,0.629490109423352,0.605281126805419,0.568839504241682,0.517876570512171,0,0
United Kingdom,Agriculture, forestry, and fishing, value added (% of GDP),0.621688753607374,0.640324283159736,0.660039793940505,0.672181106767319,0.666983894425456,0.621473465435788,0.604566622850955,0.653773024332579,0.631132964969971,0,0
United Kingdom,Air transport, freight (million ton-km),6082.73941307418,6280.25098328964,6243.54285285133,6031.574712,5974.825151208,5423.17313862741,5512.672996428,5915.641,6198.368,0,0
United Kingdom,Alternative and nuclear energy (% of total energy use),8.83240667929347,10.8080732504418,10.9085227804939,11.4340020904081,11.5812862238081,13.1204197977575,0,0,0,0,0
United Kingdom,Annual freshwater withdrawals, agriculture (% of total freshwater withdrawal),0,0,12.77,0,0,0,0,0,0,0,0
United Kingdom,Annual freshwater withdrawals, domestic (% of total freshwater withdrawal),0,0,71.41,0,0,0,0,0,0,0,0
United Kingdom,Annual freshwater withdrawals, industry (% of total freshwater withdrawal),0,0,0,0,0,0,0,0,0,0,0
United Kingdom,Aquaculture production (metric tons),201363.8,198967.6,205594.7,203263,214707.4,211749.4,194492.2,0,0,0,0
United Kingdom,Arable land (% of land area),24.6765593353449,25.0568346215848,25.6768486752366,25.8975732746817,25.7657173562601,24.8460298433431,24.9080716142066,0,0,0,0
United Kingdom,Armed forces personnel (% of total labor force),0.543143211777287,0.513978477007771,0.519111783932632,0.483758790298452,0.466036076976387,0.455028436066518,0.444510530151216,0.435114709614292,0,0,0
United Kingdom,Arms exports (SIPRI trend indicator values),1157000000,1055000000,929000000,1608000000,1651000000,1179000000,1376000000,1225000000,699000000,972000000,0
United Kingdom,Arms imports (SIPRI trend indicator values),490000000,361000000,578000000,494000000,211000000,397000000,259000000,952000000,518000000,377000000,0
United Kingdom,Automated teller machines (ATMs) (per 100,000 adults),121.9607,123.457,125.9497,128.5194,129.499,131.306,129.5745,128.056,115.6744,0,0
United Kingdom,Average working hours of children, study and work, ages 7-14 (hours per week),0,0,0,0,0,0,0,0,0,0,0
United Kingdom,Bank capital to assets ratio (%),5.36611989213514,5.09956513145533,5.50896288366394,6.34548637462939,5.62132221166489,6.83822926439126,7.02517052448229,6.78469168977896,6.81646006540008,0,0
United Kingdom,Battle-related deaths (number of people),0,0,0,0,0,0,0,0,0,0,0
United Kingdom,Birth rate, crude (per 1,000 people),12.9,12.8,12.8,12.1,12,11.9,11.8,11.4,11,0,0
United Kingdom,Broad money (% of GDP),164.12317366056,151.403858172312,147.888476259537,145.084428632671,135.342794735133,134.059698596064,140.005933412479,146.045237965368,148.855475783987,0,0
United Kingdom,Capture fisheries production (metric tons),612629,601335,631490,632326,755690,705249,702405,0,0,0,0
United Kingdom,Cereal production (metric tons),20946145,21484952,19515045,20083467,24468841,24734564,21964131,23000066,0,0,0
United Kingdom,Chemicals (% of value added in manufacturing),13.4617598590387,12.3649342406448,10.3806574196606,9.77502815607601,9.45793093561371,8.68056480356352,8.6805648376773,0,0,0,0
New Zealand,Access to clean fuels and technologies for cooking (% of population),100,100,100,100,100,100,100,0,0,0,0
New Zealand,Access to electricity (% of population),100,100,100,100,100,100,100,100,100,0,0
New Zealand,Account ownership at a financial institution or with a mobile-money-service provider (% of population ages 15+),0,99.4367294311523,0,0,99.5255355834961,0,0,99.1784439086914,0,0,0
New Zealand,Adequacy of social insurance programs (% of total welfare of beneficiary households),0,0,0,0,0,0,0,0,0,0,0
New Zealand,Adequacy of unemployment benefits and ALMP (% of total welfare of beneficiary households),0,0,0,0,0,0,0,0,0,0,0
New Zealand,Adequacy of social protection and labor programs (% of total welfare of beneficiary households),0,0,0,0,0,0,0,0,0,0,0
New Zealand,Adequacy of social safety net programs (% of total welfare of beneficiary households),0,0,0,0,0,0,0,0,0,0,0
New Zealand,Adjusted net enrollment rate, primary (% of primary school age children),0,0,0,0,97.48362,97.73031,98.52583,99.17788,0,0,0
New Zealand,Adjusted net national income (annual % growth),2.92366201657093,4.35157459427738,1.69197757964668,6.51086460090636,3.33269719535487,3.90953456215686,5.06076844941965,2.97325608825507,0.788543513917332,0,0
New Zealand,Adjusted savings: carbon dioxide damage (% of GNI),0.547318787903559,0.494087123845062,0.535540318438261,0.506681141689136,0.523887228113023,0.625699203409692,0.625836018719417,0.622478000459392,0.656682647675927,0,0
New Zealand,Adjusted net savings, excluding particulate emission damage (% of GNI),8.12126754779759,8.64118877887709,8.89404899583497,11.9811792283931,11.9642393122832,12.8123604860496,13.3326019488015,12.8040365322021,11.0691152550634,0,0
New Zealand,Adjusted savings: energy depletion (% of GNI),0.895698353287471,0.940289515900144,0.832855046400166,0.656557392381728,0.677783565533792,0.498776749899616,0.321812609995089,0.359071632743558,0.509475216275879,0,0
New Zealand,Adjusted savings: gross savings (% of GNI),18.34529194,18.179042,17.99682155,20.28950964,20.32529001,21.35855971,21.59866839,21.19659017,20.42316994,0,0
New Zealand,Adjusted savings: education expenditure (% of GNI),6.97,7.03,7.37,7.37,7.37,7.37,7.37,7.37,7.37,0,0
New Zealand,Adolescents out of school (% of lower secondary school age),0,0,0,2.46076,2.3834,2.30494,2.29272,1.95666,0,0,0
New Zealand,Adolescent fertility rate (births per 1,000 women ages 15-19),25.7978,24.3634,22.929,22.1972,21.4654,20.7336,20.0018,19.27,18.6046,0,0
New Zealand,Age dependency ratio (% of working-age population),50.4896178870506,51.0272017704353,51.5095272171342,51.9708381300686,52.4464551137019,52.9473235799199,53.3970799245631,53.9542071417744,54.5735036611019,0,0
New Zealand,Agricultural irrigated land (% of total agricultural land),0,0,0,0,6.29722921914358,6.45756457564576,0,0,0,0,0
New Zealand,Agricultural machinery, tractors,0,0,0,0,0,0,0,0,0,0,0
New Zealand,Agricultural methane emissions (% of total),0,0,0,0,0,0,0,0,0,0,0
New Zealand,Agricultural raw materials imports (% of merchandise imports),0.608572880775539,0.602094396365575,0.621319131022219,0.655701578574409,0.670151280036914,0.829219234961999,0.83831773771253,0.741863650362656,0.729029259870204,0,0
New Zealand,Agricultural raw materials exports (% of merchandise exports),10.6736016975417,10.8358747823923,11.0664412674659,12.4252654016105,11.5437261212316,11.8599135774141,12.3846473840807,12.1067511497142,12.6987812621513,0,0
New Zealand,Agriculture, forestry, and fishing, value added (% of GDP),8.64113176755115,8.15649898471682,7.23722025262906,8.5757638279947,6.26869124134627,5.4283150736683,6.56940527760999,0,0,0,0
New Zealand,Air transport, freight (million ton-km),468.638,892.848,975.021,934.540524,999.3047112,1155.45872005615,1231.85419306685,1335.95320545677,1349.29523130803,0,0
New Zealand,Alternative and nuclear energy (% of total energy use),14.5378478890274,14.8369485443489,13.1741072109497,13.4252921807959,13.5168460308739,13.9876097391326,0,0,0,0,0
New Zealand,Annual freshwater withdrawals, agriculture (% of total freshwater withdrawal),61.66,0,0,0,0,0,0,0,0,0,0
New Zealand,Annual freshwater withdrawals, domestic (% of total freshwater withdrawal),15.57,0,0,0,0,0,0,0,0,0,0
New Zealand,Annual freshwater withdrawals, industry (% of total freshwater withdrawal),22.76,0,0,0,0,0,0,0,0,0,0
New Zealand,Aquaculture production (metric tons),110592,117266,100161,97123,109873.8,91275.3,109016.2,0,0,0,0
New Zealand,Arable land (% of land area),1.89510462952414,1.78876609319813,1.93308267821199,2.07739926322586,2.24070487258365,2.27108731153393,2.16474877520793,0,0,0,0
New Zealand,Armed forces personnel (% of total labor force),0.416120865624321,0.363299370153618,0.361930499184704,0.355130401794537,0.344911820249814,0.356122096958319,0.345034871524349,0.333785674734761,0,0,0
New Zealand,Arms exports (SIPRI trend indicator values),0,0,75000000,0,0,1000000,6000000,4000000,6000000,0,0
New Zealand,Arms imports (SIPRI trend indicator values),58000000,28000000,30000000,26000000,84000000,90000000,0,0,6000000,13000000,0
New Zealand,Automated teller machines (ATMs) (per 100,000 adults),72.21916,76.37405,74.80649,72.36756,70.7037,69.27866,66.03923,65.88069,64.66215,0,0
New Zealand,Average working hours of children, study and work, ages 7-14 (hours per week),0,0,0,0,0,0,0,0,0,0,0
New Zealand,Bank capital to assets ratio (%),0,0,0,0,0,0,0,0,0,0,0
New Zealand,Battle-related deaths (number of people),0,0,0,0,0,0,0,0,0,0,0
New Zealand,Birth rate, crude (per 1,000 people),14.68,14,13.87,13.2,12.68,13.27,12.65,12.43,11.98,0,0
New Zealand,Broad money (% of GDP),92.6562525902995,0,0,92.8775296160657,95.2410653801034,99.6737658985014,101.049280544881,102.620528324121,105.142599808217,0,0
New Zealand,Capture fisheries production (metric tons),436593.4,430338,441926.5,444027.2,442698.2,433312.9,424791,0,0,0,0
New Zealand,Cereal production (metric tons),1001296,999389,1168496,1103221,1097943,1114618,1096490,936995,0,0,0
New Zealand,Chemicals (% of value added in manufacturing),4.66166384362348,4.15958901271906,4.52936444086887,4.98072932107916,5.58056180711845,5.07014706435476,5.07052849391896,0,0,0,0
